Rank,Keyword,Slug,Title,H1,MetaDescription,WordCount,InternalLinks
101,"short term fundamental analysis","short-term-fundamental-analysis","short term fundamental analysis - Expert Guide & Tips","short term fundamental analysis","short term fundamental analysis. Read practical tips, strategies and examples to help you get started and improve results.",1200,"src/pages/GuideForInvesting.js"
103,"tips swing trading","tips-swing-trading","tips swing trading - Expert Guide & Tips","tips swing trading","tips swing trading. Read practical tips, strategies and examples to help you get started and improve results.",1200,"src/pages/GuideForInvesting.js"
105,"technical analysis tomorrow 699","technical-analysis-tomorrow-699","technical analysis tomorrow 699 - Expert Guide & Tips","technical analysis tomorrow 699","technical analysis tomorrow 699. Read practical tips, strategies and examples to help you get started and improve results.",1200,"src/pages/GuideForInvesting.js"
110,"technical analysis short term 825","technical-analysis-short-term-825","technical analysis short term 825 - Expert Guide & Tips","technical analysis short term 825","technical analysis short term 825. Read practical tips, strategies and examples to help you get started and improve results.",1200,"src/pages/GuideForInvesting.js"
116,"technical analysis top 260","technical-analysis-top-260","technical analysis top 260 - Expert Guide & Tips","technical analysis top 260","technical analysis top 260. Read practical tips, strategies and examples to help you get started and improve results.",1200,"src/pages/GuideForInvesting.js"
121,"technical analysis long term 586","technical-analysis-long-term-586","technical analysis long term 586 - Expert Guide & Tips","technical analysis long term 586","technical analysis long term 586. Read practical tips, strategies and examples to help you get started and improve results.",1200,"src/pages/GuideForInvesting.js"
124,"for beginners swing trading","for-beginners-swing-trading","for beginners swing trading - Expert Guide & Tips","for beginners swing trading","for beginners swing trading. Read practical tips, strategies and examples to help you get started and improve results.",800,"src/pages/GuideForInvesting.js"
128,"share tips for beginners 236","share-tips-for-beginners-236","share tips for beginners 236 - Expert Guide & Tips","share tips for beginners 236","share tips for beginners 236. Read practical tips, strategies and examples to help you get started and improve results.",1200,"src/pages/GuideForInvesting.js"
129,"technical analysis today 329","technical-analysis-today-329","technical analysis today 329 - Expert Guide & Tips","technical analysis today 329","technical analysis today 329. Read practical tips, strategies and examples to help you get started and improve results.",1200,"src/pages/GuideForInvesting.js"
130,"day trading long term","day-trading-long-term","day trading long term - Expert Guide & Tips","day trading long term","day trading long term. Read practical tips, strategies and examples to help you get started and improve results.",800,"src/pages/GuideForInvesting.js"
133,"day trading strategy tips","day-trading-strategy-tips","day trading strategy tips - Expert Guide & Tips","day trading strategy tips","day trading strategy tips. Read practical tips, strategies and examples to help you get started and improve results.",1200,"src/pages/GuideForInvesting.js"
135,"fundamental analysis long term tips","fundamental-analysis-long-term-tips","fundamental analysis long term tips - Expert Guide & Tips","fundamental analysis long term tips","fundamental analysis long term tips. Read practical tips, strategies and examples to help you get started and improve results.",1200,"src/pages/GuideForInvesting.js"
141,"day trading best tips","day-trading-best-tips","day trading best tips - Expert Guide & Tips","day trading best tips","day trading best tips. Read practical tips, strategies and examples to help you get started and improve results.",1200,"src/pages/GuideForInvesting.js"
145,"signal share tips","signal-share-tips","signal share tips - Expert Guide & Tips","signal share tips","signal share tips. Read practical tips, strategies and examples to help you get started and improve results.",1200,"src/pages/GuideForInvesting.js"
150,"fundamental analysis 2025 835","fundamental-analysis-2025-835","fundamental analysis 2025 835 - Expert Guide & Tips","fundamental analysis 2025 835","fundamental analysis 2025 835. Read practical tips, strategies and examples to help you get started and improve results.",1200,"src/pages/GuideForInvesting.js"
151,"fundamental analysis best tips","fundamental-analysis-best-tips","fundamental analysis best tips - Expert Guide & Tips","fundamental analysis best tips","fundamental analysis best tips. Read practical tips, strategies and examples to help you get started and improve results.",1200,"src/pages/GuideForInvesting.js"
152,"day trading short term 227","day-trading-short-term-227","day trading short term 227 - Expert Guide & Tips","day trading short term 227","day trading short term 227. Read practical tips, strategies and examples to help you get started and improve results.",800,"src/pages/GuideForInvesting.js"
153,"fundamental analysis top","fundamental-analysis-top","fundamental analysis top - Expert Guide & Tips","fundamental analysis top","fundamental analysis top. Read practical tips, strategies and examples to help you get started and improve results.",1200,"src/pages/GuideForInvesting.js"
159,"day trading 2025 655","day-trading-2025-655","day trading 2025 655 - Expert Guide & Tips","day trading 2025 655","day trading 2025 655. Read practical tips, strategies and examples to help you get started and improve results.",800,"src/pages/GuideForInvesting.js"
160,"strategy fundamental analysis","strategy-fundamental-analysis","strategy fundamental analysis - Expert Guide & Tips","strategy fundamental analysis","strategy fundamental analysis. Read practical tips, strategies and examples to help you get started and improve results.",1200,"src/pages/GuideForInvesting.js"
164,"share tips best","share-tips-best","share tips best - Expert Guide & Tips","share tips best","share tips best. Read practical tips, strategies and examples to help you get started and improve results.",1200,"src/pages/GuideForInvesting.js"
167,"fundamental analysis signal tips","fundamental-analysis-signal-tips","fundamental analysis signal tips - Expert Guide & Tips","fundamental analysis signal tips","fundamental analysis signal tips. Read practical tips, strategies and examples to help you get started and improve results.",1200,"src/pages/GuideForInvesting.js"
171,"analysis fundamental analysis","analysis-fundamental-analysis","analysis fundamental analysis - Expert Guide & Tips","analysis fundamental analysis","analysis fundamental analysis. Read practical tips, strategies and examples to help you get started and improve results.",1200,"src/pages/GuideForInvesting.js"
173,"technical analysis tomorrow tips","technical-analysis-tomorrow-tips","technical analysis tomorrow tips - Expert Guide & Tips","technical analysis tomorrow tips","technical analysis tomorrow tips. Read practical tips, strategies and examples to help you get started and improve results.",1200,"src/pages/GuideForInvesting.js"
190,"swing trading tips tips","swing-trading-tips-tips","swing trading tips tips - Expert Guide & Tips","swing trading tips tips","swing trading tips tips. Read practical tips, strategies and examples to help you get started and improve results.",1200,"src/pages/GuideForInvesting.js"
193,"technical analysis tips tips","technical-analysis-tips-tips","technical analysis tips tips - Expert Guide & Tips","technical analysis tips tips","technical analysis tips tips. Read practical tips, strategies and examples to help you get started and improve results.",1200,"src/pages/GuideForInvesting.js"
195,"swing trading tips 696","swing-trading-tips-696","swing trading tips 696 - Expert Guide & Tips","swing trading tips 696","swing trading tips 696. Read practical tips, strategies and examples to help you get started and improve results.",1200,"src/pages/GuideForInvesting.js"
200,"for beginners fundamental analysis","for-beginners-fundamental-analysis","for beginners fundamental analysis - Expert Guide & Tips","for beginners fundamental analysis","for beginners fundamental analysis. Read practical tips, strategies and examples to help you get started and improve results.",1200,"src/pages/GuideForInvesting.js"