Rank,Keyword,Cluster,Suggested Page
1,sensex top tips,Sensex/Nifty Live,src/pages/MarketNews.js
2,chart buy sell,Buy/Sell Signals,src/pages/LiveChart.js
3,tips portfolio,Portfolio Tips,src/pages/GuideForInvesting.js
4,portfolio tips,Portfolio Tips,src/pages/GuideForInvesting.js
5,stock recommendation 2025 445,Stock Recommendations,src/pages/Recommendation.js
6,ipo short term,IPO,src/pages/MarketNews.js
7,share tips strategy tips,Share Tips,src/pages/Recommendation.js
8,futures trading signal 5,Futures/Options Signals,src/pages/Future.js
9,futures trading live,Futures Live,src/pages/Future.js
10,sensex today 492,Sensex/Nifty Live,src/pages/MarketNews.js
11,equity research in india tips,Equity Research,src/pages/Equity.js
12,sensex best,Sensex/Nifty Live,src/pages/MarketNews.js
13,sensex tips tips,Sensex/Nifty Live,src/pages/MarketNews.js
14,intraday strategy equity research,Intraday Strategy,src/pages/Intraday.js
15,long term options trading,Options Strategy,src/pages/StockOption.js
16,ipo top,IPO,src/pages/MarketNews.js
17,stock recommendation top tips,Stock Recommendations,src/pages/Recommendation.js
18,stock recommendation in india tips,Stock Recommendations,src/pages/Recommendation.js
19,stock recommendation short term 472,Stock Recommendations,src/pages/Recommendation.js
20,2025 stock recommendation,Stock Recommendations,src/pages/Recommendation.js
21,futures trading strategy,Futures/Options Strategy,src/pages/Future.js
22,signal stock recommendation,Signals,src/pages/DailyRecommendation.js
23,ipo signal,IPO Signals,src/pages/MarketNews.js
24,intraday top tips,Intraday Strategy,src/pages/Intraday.js
25,day trading for beginners tips,Beginner Guides,src/pages/GuideForInvesting.js
26,best buy sell,Buy/Sell Signals,src/pages/LiveChart.js
27,stock recommendation short term,Stock Recommendations,src/pages/Recommendation.js
28,ipo best 584,IPO,src/pages/MarketNews.js
29,ipo signal 773,IPO Signals,src/pages/MarketNews.js
30,day trading best,Day Trading,src/pages/GuideForInvesting.js
31,buy now stock recommendation,Stock Recommendations,src/pages/Recommendation.js
32,technical analysis for beginners 668,Technical Analysis (Beginners),src/pages/GuideForInvesting.js
33,intraday chart tips,Intraday Tools,src/pages/LiveChart.js
34,ipo signal tips,IPO Signals,src/pages/MarketNews.js
35,fundamental analysis in india tips,Fundamental Analysis,src/pages/Equity.js
36,intraday 2025,Intraday Strategy,src/pages/Intraday.js
37,buy sell tomorrow tips,Buy/Sell Signals,src/pages/DailyRecommendation.js
38,share tips long term,Share Tips,src/pages/Recommendation.js
39,technical analysis best,Technical Analysis,src/pages/GuideForInvesting.js
40,options trading chart,Options Tools,src/pages/StockOption.js
41,share tips buy now tips,Share Tips,src/pages/Recommendation.js
42,intraday strategy nifty,Intraday Strategy,src/pages/Intraday.js
43,technical analysis short term,Technical Analysis,src/pages/GuideForInvesting.js
44,fundamental analysis live tips,Fundamental Analysis,src/pages/Equity.js
45,live fundamental analysis,Fundamental Analysis (Live),src/pages/Equity.js
46,technical analysis today,Technical Analysis,src/pages/GuideForInvesting.js
47,stock market strategy,Market Strategy,src/pages/GuideForInvesting.js
48,intraday strategy ipo,Intraday Strategy,src/pages/Intraday.js
49,intraday in india,Intraday (India),src/pages/Intraday.js
50,ipo intraday strategy,IPO Strategy,src/pages/MarketNews.js
51,in india ipo,IPO (India),src/pages/MarketNews.js
52,for beginners equity research,Beginner Guides,src/pages/GuideForInvesting.js
53,strategy stock recommendation,Stock Recommendations,src/pages/Recommendation.js
54,sell now technical analysis,Sell Signals,src/pages/DailyRecommendation.js
55,ipo chart 320,IPO Charts,src/pages/LiveChart.js
56,equity research intraday strategy tips,Equity Research,src/pages/Equity.js
57,intraday strategy options trading,Intraday Options,src/pages/Intraday.js
58,portfolio best tips,Portfolio Tips,src/pages/GuideForInvesting.js
59,2025 futures trading,Futures/Options,src/pages/Future.js
60,intraday today,Intraday Live,src/pages/Intraday.js
61,intraday strategy stock recommendation,Intraday Strategy,src/pages/Intraday.js
62,ipo buy now tips,IPO,src/pages/MarketNews.js
63,analysis nifty,Nifty Analysis,src/pages/MarketNews.js
64,fundamental analysis 2025,Fundamental Analysis,src/pages/Equity.js
65,ipo tomorrow,IPO (Today/Tomorrow),src/pages/MarketNews.js
66,stock market today tips,Live Market Tips,src/pages/MarketNews.js
67,best intraday,Intraday Strategy,src/pages/Intraday.js
68,portfolio intraday strategy tips,Portfolio Strategy,src/pages/GuideForInvesting.js
69,day trading buy now tips,Day Trading,src/pages/GuideForInvesting.js
70,for beginners intraday,Beginner Intraday Guide,src/pages/GuideForInvesting.js
71,futures trading 2025,Futures/Options,src/pages/Future.js
72,sensex live 802,Sensex/Nifty Live,src/pages/MarketNews.js
73,buy sell analysis 867,Buy/Sell Signals,src/pages/LiveChart.js
74,short term portfolio,Portfolio (Short Term),src/pages/GuideForInvesting.js
75,nifty intraday strategy tips,Nifty Intraday,src/pages/Intraday.js
76,portfolio buy now 879,Portfolio Calls,src/pages/Recommendation.js
77,nifty analysis tips,Nifty Analysis,src/pages/MarketNews.js
78,fundamental analysis for beginners 65,Beginner Guides,src/pages/GuideForInvesting.js
79,today buy sell,Daily Buy/Sell,src/pages/DailyRecommendation.js
80,buy sell signal 104,Buy/Sell Signals,src/pages/DailyRecommendation.js
81,day trading for beginners,Beginner Guides,src/pages/GuideForInvesting.js
82,futures trading live 712,Futures Live,src/pages/Future.js
83,options trading sell now tips,Options Sell Signals,src/pages/StockOption.js
84,nifty tips,Nifty,src/pages/MarketNews.js
85,live sensex,Sensex/Nifty Live,src/pages/MarketNews.js
86,short term technical analysis,Technical Analysis,src/pages/GuideForInvesting.js
87,buy sell for beginners,Beginner Buy/Sell,src/pages/GuideForInvesting.js
88,chart options trading,Options Charts,src/pages/LiveChart.js
89,ipo strategy,IPO Strategy,src/pages/MarketNews.js
90,buy sell tomorrow,Daily Buy/Sell,src/pages/DailyRecommendation.js
91,sell now stock recommendation,Sell Signals,src/pages/DailyRecommendation.js
92,for beginners day trading,Beginner Guides,src/pages/GuideForInvesting.js
93,live stock market,Live Market News,src/pages/MarketNews.js
94,options trading tips tips,Options Trading,src/pages/StockOption.js
95,stock recommendation sell now tips,Stock Recommendation (Sell),src/pages/Recommendation.js
96,ipo live,IPO Live,src/pages/MarketNews.js
97,options trading strategy,Options Strategy,src/pages/StockOption.js
98,portfolio chart,Portfolio Tools,src/pages/LiveChart.js
99,short term day trading,Short Term Day Trading,src/pages/GuideForInvesting.js
100,share tips buy now,Share Tips,src/pages/Recommendation.js
