Rank,Keyword,Suggested Page,Action
1,"sensex top tips","src/pages/MarketNews.js",Optimize existing page
2,"chart buy sell","src/pages/LiveChart.js",Optimize existing page
3,"tips portfolio","src/pages/GuideForInvesting.js",Optimize existing page
4,"portfolio tips","src/pages/GuideForInvesting.js",Optimize existing page
5,"stock recommendation 2025 445","src/pages/Recommendation.js",Optimize existing page
6,"ipo short term","src/pages/MarketNews.js",Optimize existing page
7,"share tips strategy tips","src/pages/Recommendation.js",Optimize existing page
8,"futures trading signal 5","src/pages/Future.js",Optimize existing page
9,"futures trading live","src/pages/Future.js",Optimize existing page
10,"sensex today 492","src/pages/MarketNews.js",Optimize existing page
11,"equity research in india tips","src/pages/Equity.js",Optimize existing page
12,"sensex best","src/pages/MarketNews.js",Optimize existing page
13,"sensex tips tips","src/pages/MarketNews.js",Optimize existing page
14,"intraday strategy equity research","src/pages/Intraday.js",Optimize existing page
15,"long term options trading","src/pages/StockOption.js",Optimize existing page
16,"ipo top","src/pages/MarketNews.js",Optimize existing page
17,"stock recommendation top tips","src/pages/Recommendation.js",Optimize existing page
18,"stock recommendation in india tips","src/pages/Recommendation.js",Optimize existing page
19,"stock recommendation short term 472","src/pages/Recommendation.js",Optimize existing page
20,"2025 stock recommendation","src/pages/Recommendation.js",Optimize existing page
21,"futures trading strategy","src/pages/Future.js",Optimize existing page
22,"signal stock recommendation","src/pages/DailyRecommendation.js",Optimize existing page
23,"ipo signal","src/pages/MarketNews.js",Optimize existing page
24,"intraday top tips","src/pages/Intraday.js",Optimize existing page
25,"day trading for beginners tips","src/pages/GuideForInvesting.js",Optimize existing page
26,"best buy sell","src/pages/LiveChart.js",Optimize existing page
27,"stock recommendation short term","src/pages/Recommendation.js",Optimize existing page
28,"ipo best 584","src/pages/MarketNews.js",Optimize existing page
29,"ipo signal 773","src/pages/MarketNews.js",Optimize existing page
30,"day trading best","src/pages/GuideForInvesting.js",Optimize existing page
31,"buy now stock recommendation","src/pages/Recommendation.js",Optimize existing page
32,"technical analysis for beginners 668","src/pages/GuideForInvesting.js",Optimize existing page
33,"intraday chart tips","src/pages/LiveChart.js",Optimize existing page
34,"ipo signal tips","src/pages/MarketNews.js",Optimize existing page
35,"fundamental analysis in india tips","src/pages/Equity.js",Optimize existing page
36,"intraday 2025","src/pages/Intraday.js",Optimize existing page
37,"buy sell tomorrow tips","src/pages/DailyRecommendation.js",Optimize existing page
38,"share tips long term","src/pages/Recommendation.js",Optimize existing page
39,"technical analysis best","src/pages/GuideForInvesting.js",Optimize existing page
40,"options trading chart","src/pages/StockOption.js",Optimize existing page
41,"share tips buy now tips","src/pages/Recommendation.js",Optimize existing page
42,"intraday strategy nifty","src/pages/Intraday.js",Optimize existing page
43,"technical analysis short term","src/pages/GuideForInvesting.js",Optimize existing page
44,"fundamental analysis live tips","src/pages/Equity.js",Optimize existing page
45,"live fundamental analysis","src/pages/Equity.js",Optimize existing page
46,"technical analysis today","src/pages/GuideForInvesting.js",Optimize existing page
47,"stock market strategy","src/pages/GuideForInvesting.js",Optimize existing page
48,"intraday strategy ipo","src/pages/Intraday.js",Optimize existing page
49,"intraday in india","src/pages/Intraday.js",Optimize existing page
50,"ipo intraday strategy","src/pages/MarketNews.js",Optimize existing page
51,"in india ipo","src/pages/MarketNews.js",Optimize existing page
52,"for beginners equity research","src/pages/GuideForInvesting.js",Optimize existing page
53,"strategy stock recommendation","src/pages/Recommendation.js",Optimize existing page
54,"sell now technical analysis","src/pages/DailyRecommendation.js",Optimize existing page
55,"ipo chart 320","src/pages/LiveChart.js",Optimize existing page
56,"equity research intraday strategy tips","src/pages/Equity.js",Optimize existing page
57,"intraday strategy options trading","src/pages/Intraday.js",Optimize existing page
58,"portfolio best tips","src/pages/GuideForInvesting.js",Optimize existing page
59,"2025 futures trading","src/pages/Future.js",Optimize existing page
60,"intraday today","src/pages/Intraday.js",Optimize existing page
61,"intraday strategy stock recommendation","src/pages/Intraday.js",Optimize existing page
62,"ipo buy now tips","src/pages/MarketNews.js",Optimize existing page
63,"analysis nifty","src/pages/MarketNews.js",Optimize existing page
64,"fundamental analysis 2025","src/pages/Equity.js",Optimize existing page
65,"ipo tomorrow","src/pages/MarketNews.js",Optimize existing page
66,"stock market today tips","src/pages/MarketNews.js",Optimize existing page
67,"best intraday","src/pages/Intraday.js",Optimize existing page
68,"portfolio intraday strategy tips","src/pages/GuideForInvesting.js",Optimize existing page
69,"day trading buy now tips","src/pages/GuideForInvesting.js",Optimize existing page
70,"for beginners intraday","src/pages/GuideForInvesting.js",Optimize existing page
71,"futures trading 2025","src/pages/Future.js",Optimize existing page
72,"sensex live 802","src/pages/MarketNews.js",Optimize existing page
73,"buy sell analysis 867","src/pages/LiveChart.js",Optimize existing page
74,"short term portfolio","src/pages/GuideForInvesting.js",Optimize existing page
75,"nifty intraday strategy tips","src/pages/Intraday.js",Optimize existing page
76,"portfolio buy now 879","src/pages/Recommendation.js",Optimize existing page
77,"nifty analysis tips","src/pages/MarketNews.js",Optimize existing page
78,"fundamental analysis for beginners 65","src/pages/GuideForInvesting.js",Optimize existing page
79,"today buy sell","src/pages/DailyRecommendation.js",Optimize existing page
80,"buy sell signal 104","src/pages/DailyRecommendation.js",Optimize existing page
81,"day trading for beginners","src/pages/GuideForInvesting.js",Optimize existing page
82,"futures trading live 712","src/pages/Future.js",Optimize existing page
83,"options trading sell now tips","src/pages/StockOption.js",Optimize existing page
84,"nifty tips","src/pages/MarketNews.js",Optimize existing page
85,"live sensex","src/pages/MarketNews.js",Optimize existing page
86,"short term technical analysis","src/pages/GuideForInvesting.js",Optimize existing page
87,"buy sell for beginners","src/pages/GuideForInvesting.js",Optimize existing page
88,"chart options trading","src/pages/LiveChart.js",Optimize existing page
89,"ipo strategy","src/pages/MarketNews.js",Optimize existing page
90,"buy sell tomorrow","src/pages/DailyRecommendation.js",Optimize existing page
91,"sell now stock recommendation","src/pages/DailyRecommendation.js",Optimize existing page
92,"for beginners day trading","src/pages/GuideForInvesting.js",Optimize existing page
93,"live stock market","src/pages/MarketNews.js",Optimize existing page
94,"options trading tips tips","src/pages/StockOption.js",Optimize existing page
95,"stock recommendation sell now tips","src/pages/Recommendation.js",Optimize existing page
96,"ipo live","src/pages/MarketNews.js",Optimize existing page
97,"options trading strategy","src/pages/StockOption.js",Optimize existing page
98,"portfolio chart","src/pages/LiveChart.js",Optimize existing page
99,"short term day trading","src/pages/GuideForInvesting.js",Optimize existing page
100,"share tips buy now","src/pages/Recommendation.js",Optimize existing page
101,"short term fundamental analysis","create-new",Create content
102,"portfolio tomorrow tips","src/pages/GuideForInvesting.js",Optimize existing page
103,"tips swing trading","create-new",Create content
104,"intraday long term","src\pages\Intraday.js",Optimize existing page
105,"technical analysis tomorrow 699","create-new",Create content
106,"nifty top","src/pages/MarketNews.js",Optimize existing page
107,"intraday long term 585","src\pages\Intraday.js",Optimize existing page
108,"2025 sensex","src/pages/MarketNews.js",Optimize existing page
109,"buy sell today tips","src/pages/LiveChart.js",Optimize existing page
110,"technical analysis short term 825","create-new",Create content
111,"technical analysis buy now 34","src/pages/LiveChart.js",Optimize existing page
112,"ipo sell now","src/pages/MarketNews.js",Optimize existing page
113,"stock market analysis tips","src/pages/Recommendation.js",Optimize existing page
114,"fundamental analysis live 159","src/pages/MarketNews.js",Optimize existing page
115,"swing trading sell now tips","src/pages/LiveChart.js",Optimize existing page
116,"technical analysis top 260","create-new",Create content
117,"live equity research","src/pages/MarketNews.js",Optimize existing page
118,"strategy buy sell","src/pages/LiveChart.js",Optimize existing page
119,"futures trading top","src/pages/Future.js",Optimize existing page
120,"buy now sensex","src/pages/LiveChart.js",Optimize existing page
121,"technical analysis long term 586","create-new",Create content
122,"stock market tips 742","src/pages/Recommendation.js",Optimize existing page
123,"sensex live","src/pages/MarketNews.js",Optimize existing page
124,"for beginners swing trading","create-new",Create content
125,"stock recommendation 2025","src/pages/Recommendation.js",Optimize existing page
126,"ipo today 755","src/pages/MarketNews.js",Optimize existing page
127,"portfolio tips tips","src/pages/GuideForInvesting.js",Optimize existing page
128,"share tips for beginners 236","create-new",Create content
129,"technical analysis today 329","create-new",Create content
130,"day trading long term","create-new",Create content
131,"long term ipo","src/pages/MarketNews.js",Optimize existing page
132,"nifty today 840","src/pages/MarketNews.js",Optimize existing page
133,"day trading strategy tips","create-new",Create content
134,"nifty 2025 465","src/pages/MarketNews.js",Optimize existing page
135,"fundamental analysis long term tips","create-new",Create content
136,"buy sell strategy 73","src/pages/LiveChart.js",Optimize existing page
137,"options trading buy now 859","src/pages/StockOption.js",Optimize existing page
138,"equity research buy now 620","src\pages\Equity.js",Optimize existing page
139,"top options trading","src/pages/StockOption.js",Optimize existing page
140,"ipo short term 852","src/pages/MarketNews.js",Optimize existing page
141,"day trading best tips","create-new",Create content
142,"futures trading chart 454","src/pages/Future.js",Optimize existing page
143,"fundamental analysis buy now 501","src/pages/LiveChart.js",Optimize existing page
144,"sell now intraday","src/pages/LiveChart.js",Optimize existing page
145,"signal share tips","create-new",Create content
146,"signal portfolio","src/pages/GuideForInvesting.js",Optimize existing page
147,"intraday long term tips","src\pages\Intraday.js",Optimize existing page
148,"live day trading","src/pages/MarketNews.js",Optimize existing page
149,"technical analysis sell now tips","src/pages/LiveChart.js",Optimize existing page
150,"fundamental analysis 2025 835","create-new",Create content
151,"fundamental analysis best tips","create-new",Create content
152,"day trading short term 227","create-new",Create content
153,"fundamental analysis top","create-new",Create content
154,"futures trading for beginners tips","src/pages/Future.js",Optimize existing page
155,"nifty intraday strategy 996","src/pages/MarketNews.js",Optimize existing page
156,"buy sell 2025","src/pages/LiveChart.js",Optimize existing page
157,"live swing trading","src/pages/MarketNews.js",Optimize existing page
158,"signal nifty","src/pages/MarketNews.js",Optimize existing page
159,"day trading 2025 655","create-new",Create content
160,"strategy fundamental analysis","create-new",Create content
161,"buy sell sell now 579","src/pages/LiveChart.js",Optimize existing page
162,"stock recommendation top 305","src/pages/Recommendation.js",Optimize existing page
163,"stock market 2025 681","src/pages/Recommendation.js",Optimize existing page
164,"share tips best","create-new",Create content
165,"futures trading short term tips","src/pages/Future.js",Optimize existing page
166,"stock market best 390","src/pages/Recommendation.js",Optimize existing page
167,"fundamental analysis signal tips","create-new",Create content
168,"sensex long term tips","src/pages/MarketNews.js",Optimize existing page
169,"sensex best 943","src/pages/MarketNews.js",Optimize existing page
170,"equity research signal","src\pages\Equity.js",Optimize existing page
171,"analysis fundamental analysis","create-new",Create content
172,"buy sell buy now 74","src/pages/LiveChart.js",Optimize existing page
173,"technical analysis tomorrow tips","create-new",Create content
174,"tomorrow stock market","src/pages/Recommendation.js",Optimize existing page
175,"intraday top 765","src\pages\Intraday.js",Optimize existing page
176,"options trading in india 501","src/pages/StockOption.js",Optimize existing page
177,"today stock recommendation","src/pages/Recommendation.js",Optimize existing page
178,"buy now ipo","src/pages/LiveChart.js",Optimize existing page
179,"sensex live 64","src/pages/MarketNews.js",Optimize existing page
180,"futures trading top tips","src/pages/Future.js",Optimize existing page
181,"buy sell sell now","src/pages/LiveChart.js",Optimize existing page
182,"options trading strategy tips","src/pages/StockOption.js",Optimize existing page
183,"futures trading chart 571","src/pages/Future.js",Optimize existing page
184,"best portfolio","src/pages/GuideForInvesting.js",Optimize existing page
185,"ipo chart","src/pages/MarketNews.js",Optimize existing page
186,"portfolio analysis tips","src/pages/GuideForInvesting.js",Optimize existing page
187,"ipo tips tips","src/pages/MarketNews.js",Optimize existing page
188,"options trading buy now","src/pages/StockOption.js",Optimize existing page
189,"stock market live","src/pages/Recommendation.js",Optimize existing page
190,"swing trading tips tips","create-new",Create content
191,"futures trading sell now tips","src/pages/Future.js",Optimize existing page
192,"intraday strategy sensex","src\pages\Intraday.js",Optimize existing page
193,"technical analysis tips tips","create-new",Create content
194,"nifty short term tips","src/pages/MarketNews.js",Optimize existing page
195,"swing trading tips 696","create-new",Create content
196,"stock market analysis","src/pages/Recommendation.js",Optimize existing page
197,"options trading 2025 tips","src/pages/StockOption.js",Optimize existing page
198,"stock market buy now 373","src/pages/Recommendation.js",Optimize existing page
199,"stock recommendation long term tips","src/pages/Recommendation.js",Optimize existing page
200,"for beginners fundamental analysis","create-new",Create content