Rank,Keyword
1,sensex top tips
2,chart buy sell
3,tips portfolio
4,portfolio tips
5,stock recommendation 2025 445
6,ipo short term
7,share tips strategy tips
8,futures trading signal 5
9,futures trading live
10,sensex today 492
11,equity research in india tips
12,sensex best
13,sensex tips tips
14,intraday strategy equity research
15,long term options trading
16,ipo top
17,stock recommendation top tips
18,stock recommendation in india tips
19,stock recommendation short term 472
20,2025 stock recommendation
21,futures trading strategy
22,signal stock recommendation
23,ipo signal
24,intraday top tips
25,day trading for beginners tips
26,best buy sell
27,stock recommendation short term
28,ipo best 584
29,ipo signal 773
30,day trading best
31,buy now stock recommendation
32,technical analysis for beginners 668
33,intraday chart tips
34,ipo signal tips
35,fundamental analysis in india tips
36,intraday 2025
37,buy sell tomorrow tips
38,share tips long term
39,technical analysis best
40,options trading chart
41,share tips buy now tips
42,intraday strategy nifty
43,technical analysis short term
44,fundamental analysis live tips
45,live fundamental analysis
46,technical analysis today
47,stock market strategy
48,intraday strategy ipo
49,intraday in india
50,ipo intraday strategy
51,in india ipo
52,for beginners equity research
53,strategy stock recommendation
54,sell now technical analysis
55,ipo chart 320
56,equity research intraday strategy tips
57,intraday strategy options trading
58,portfolio best tips
59,2025 futures trading
60,intraday today
61,intraday strategy stock recommendation
62,ipo buy now tips
63,analysis nifty
64,fundamental analysis 2025
65,ipo tomorrow
66,stock market today tips
67,best intraday
68,portfolio intraday strategy tips
69,day trading buy now tips
70,for beginners intraday
71,futures trading 2025
72,sensex live 802
73,buy sell analysis 867
74,short term portfolio
75,nifty intraday strategy tips
76,portfolio buy now 879
77,nifty analysis tips
78,fundamental analysis for beginners 65
79,today buy sell
80,buy sell signal 104
81,day trading for beginners
82,futures trading live 712
83,options trading sell now tips
84,nifty tips
85,live sensex
86,short term technical analysis
87,buy sell for beginners
88,chart options trading
89,ipo strategy
90,buy sell tomorrow
91,sell now stock recommendation
92,for beginners day trading
93,live stock market
94,options trading tips tips
95,stock recommendation sell now tips
96,ipo live
97,options trading strategy
98,portfolio chart
99,short term day trading
100,share tips buy now
